userName	difficulty	solved	board	generateTime	lastSaved	elapsedTime
john	Normal	Solved	[[(SudokuDigit {getDigit = 3},Answer),(SudokuDigit {getDigit = 8},Question),(SudokuDigit {getDigit = 5},Question),(SudokuDigit {getDigit = 2},Answer),(SudokuDigit {getDigit = 1},Answer),(SudokuDigit {getDigit = 9},Question),(SudokuDigit {getDigit = 4},Answer),(SudokuDigit {getDigit = 6},Answer),(SudokuDigit {getDigit = 7},Question)],[(SudokuDigit {getDigit = 4},Question),(SudokuDigit {getDigit = 7},Answer),(SudokuDigit {getDigit = 1},Answer),(SudokuDigit {getDigit = 6},Answer),(SudokuDigit {getDigit = 3},Question),(SudokuDigit {getDigit = 5},Answer),(SudokuDigit {getDigit = 8},Question),(SudokuDigit {getDigit = 2},Answer),(SudokuDigit {getDigit = 9},Answer)],[(SudokuDigit {getDigit = 2},Question),(SudokuDigit {getDigit = 9},Answer),(SudokuDigit {getDigit = 6},Answer),(SudokuDigit {getDigit = 7},Question),(SudokuDigit {getDigit = 4},Question),(SudokuDigit {getDigit = 8},Question),(SudokuDigit {getDigit = 3},Answer),(SudokuDigit {getDigit = 1},Question),(SudokuDigit {getDigit = 5},Question)],[(SudokuDigit {getDigit = 7},Answer),(SudokuDigit {getDigit = 2},Answer),(SudokuDigit {getDigit = 8},Answer),(SudokuDigit {getDigit = 3},Answer),(SudokuDigit {getDigit = 6},Answer),(SudokuDigit {getDigit = 4},Question),(SudokuDigit {getDigit = 5},Question),(SudokuDigit {getDigit = 9},Question),(SudokuDigit {getDigit = 1},Question)],[(SudokuDigit {getDigit = 6},Question),(SudokuDigit {getDigit = 1},Answer),(SudokuDigit {getDigit = 9},Question),(SudokuDigit {getDigit = 8},Answer),(SudokuDigit {getDigit = 5},Question),(SudokuDigit {getDigit = 7},Answer),(SudokuDigit {getDigit = 2},Answer),(SudokuDigit {getDigit = 3},Answer),(SudokuDigit {getDigit = 4},Answer)],[(SudokuDigit {getDigit = 5},Question),(SudokuDigit {getDigit = 4},Question),(SudokuDigit {getDigit = 3},Question),(SudokuDigit {getDigit = 1},Question),(SudokuDigit {getDigit = 9},Answer),(SudokuDigit {getDigit = 2},Question),(SudokuDigit {getDigit = 7},Question),(SudokuDigit {getDigit = 8},Answer),(SudokuDigit {getDigit = 6},Question)],[(SudokuDigit {getDigit = 1},Answer),(SudokuDigit {getDigit = 6},Answer),(SudokuDigit {getDigit = 4},Question),(SudokuDigit {getDigit = 5},CurrentAnswer),(SudokuDigit {getDigit = 8},Question),(SudokuDigit {getDigit = 3},Answer),(SudokuDigit {getDigit = 9},Answer),(SudokuDigit {getDigit = 7},Answer),(SudokuDigit {getDigit = 2},Question)],[(SudokuDigit {getDigit = 9},Question),(SudokuDigit {getDigit = 3},Answer),(SudokuDigit {getDigit = 7},Question),(SudokuDigit {getDigit = 4},Question),(SudokuDigit {getDigit = 2},Answer),(SudokuDigit {getDigit = 1},Answer),(SudokuDigit {getDigit = 6},Question),(SudokuDigit {getDigit = 5},Question),(SudokuDigit {getDigit = 8},Answer)],[(SudokuDigit {getDigit = 8},Question),(SudokuDigit {getDigit = 5},Answer),(SudokuDigit {getDigit = 2},Answer),(SudokuDigit {getDigit = 9},Question),(SudokuDigit {getDigit = 7},Question),(SudokuDigit {getDigit = 6},Answer),(SudokuDigit {getDigit = 1},Question),(SudokuDigit {getDigit = 4},Answer),(SudokuDigit {getDigit = 3},Question)]]	2025-01-06 02:44:11.34314 UTC	2025-01-06 16:00:00.708871 UTC	10.232571s
ava	Hard	Unsolved	[[(SudokuDigit {getDigit = 0},CurrentAnswer),(SudokuDigit {getDigit = 4},Question),(SudokuDigit {getDigit = 0},Answer),(SudokuDigit {getDigit = 0},Answer),(SudokuDigit {getDigit = 0},Answer),(SudokuDigit {getDigit = 0},Answer),(SudokuDigit {getDigit = 0},Answer),(SudokuDigit {getDigit = 0},Answer),(SudokuDigit {getDigit = 0},Answer)],[(SudokuDigit {getDigit = 8},Question),(SudokuDigit {getDigit = 0},Answer),(SudokuDigit {getDigit = 0},Answer),(SudokuDigit {getDigit = 0},Answer),(SudokuDigit {getDigit = 0},Answer),(SudokuDigit {getDigit = 0},Answer),(SudokuDigit {getDigit = 7},Question),(SudokuDigit {getDigit = 0},Answer),(SudokuDigit {getDigit = 0},Answer)],[(SudokuDigit {getDigit = 0},Answer),(SudokuDigit {getDigit = 0},Answer),(SudokuDigit {getDigit = 0},Answer),(SudokuDigit {getDigit = 0},Answer),(SudokuDigit {getDigit = 0},Answer),(SudokuDigit {getDigit = 0},Answer),(SudokuDigit {getDigit = 0},Answer),(SudokuDigit {getDigit = 0},Answer),(SudokuDigit {getDigit = 4},Question)],[(SudokuDigit {getDigit = 0},Answer),(SudokuDigit {getDigit = 0},Answer),(SudokuDigit {getDigit = 0},Answer),(SudokuDigit {getDigit = 6},Question),(SudokuDigit {getDigit = 0},Answer),(SudokuDigit {getDigit = 5},Question),(SudokuDigit {getDigit = 0},Answer),(SudokuDigit {getDigit = 0},Answer),(SudokuDigit {getDigit = 0},Answer)],[(SudokuDigit {getDigit = 0},Answer),(SudokuDigit {getDigit = 0},Answer),(SudokuDigit {getDigit = 8},Question),(SudokuDigit {getDigit = 0},Answer),(SudokuDigit {getDigit = 0},Answer),(SudokuDigit {getDigit = 0},Answer),(SudokuDigit {getDigit = 0},Answer),(SudokuDigit {getDigit = 0},Answer),(SudokuDigit {getDigit = 3},Question)],[(SudokuDigit {getDigit = 0},Answer),(SudokuDigit {getDigit = 0},Answer),(SudokuDigit {getDigit = 0},Answer),(SudokuDigit {getDigit = 8},Question),(SudokuDigit {getDigit = 0},Answer),(SudokuDigit {getDigit = 0},Answer),(SudokuDigit {getDigit = 0},Answer),(SudokuDigit {getDigit = 0},Answer),(SudokuDigit {getDigit = 0},Answer)],[(SudokuDigit {getDigit = 0},Answer),(SudokuDigit {getDigit = 0},Answer),(SudokuDigit {getDigit = 0},Answer),(SudokuDigit {getDigit = 0},Answer),(SudokuDigit {getDigit = 0},Answer),(SudokuDigit {getDigit = 0},Answer),(SudokuDigit {getDigit = 0},Answer),(SudokuDigit {getDigit = 0},Answer),(SudokuDigit {getDigit = 0},Answer)],[(SudokuDigit {getDigit = 0},Answer),(SudokuDigit {getDigit = 0},Answer),(SudokuDigit {getDigit = 0},Answer),(SudokuDigit {getDigit = 0},Answer),(SudokuDigit {getDigit = 0},Answer),(SudokuDigit {getDigit = 0},Answer),(SudokuDigit {getDigit = 5},Question),(SudokuDigit {getDigit = 0},Answer),(SudokuDigit {getDigit = 0},Answer)],[(SudokuDigit {getDigit = 0},Answer),(SudokuDigit {getDigit = 0},Answer),(SudokuDigit {getDigit = 0},Answer),(SudokuDigit {getDigit = 0},Answer),(SudokuDigit {getDigit = 0},Answer),(SudokuDigit {getDigit = 0},Answer),(SudokuDigit {getDigit = 4},Question),(SudokuDigit {getDigit = 0},Answer),(SudokuDigit {getDigit = 8},Question)]]	2025-01-06 03:00:16.243322 UTC	2025-01-10 12:54:16.524796 UTC	420.985951s
max	Normal	Unsolved	[[(SudokuDigit {getDigit = 0},CurrentAnswer),(SudokuDigit {getDigit = 3},Question),(SudokuDigit {getDigit = 7},Question),(SudokuDigit {getDigit = 0},Answer),(SudokuDigit {getDigit = 6},Question),(SudokuDigit {getDigit = 0},Answer),(SudokuDigit {getDigit = 0},Answer),(SudokuDigit {getDigit = 2},Question),(SudokuDigit {getDigit = 9},Question)],[(SudokuDigit {getDigit = 2},Question),(SudokuDigit {getDigit = 0},Answer),(SudokuDigit {getDigit = 0},Answer),(SudokuDigit {getDigit = 0},Answer),(SudokuDigit {getDigit = 0},Answer),(SudokuDigit {getDigit = 0},Answer),(SudokuDigit {getDigit = 0},Answer),(SudokuDigit {getDigit = 0},Answer),(SudokuDigit {getDigit = 8},Question)],[(SudokuDigit {getDigit = 0},Answer),(SudokuDigit {getDigit = 9},Question),(SudokuDigit {getDigit = 5},Question),(SudokuDigit {getDigit = 8},Question),(SudokuDigit {getDigit = 4},Question),(SudokuDigit {getDigit = 2},Question),(SudokuDigit {getDigit = 0},Answer),(SudokuDigit {getDigit = 0},Answer),(SudokuDigit {getDigit = 7},Question)],[(SudokuDigit {getDigit = 0},Answer),(SudokuDigit {getDigit = 0},Answer),(SudokuDigit {getDigit = 2},Question),(SudokuDigit {getDigit = 7},Question),(SudokuDigit {getDigit = 0},Answer),(SudokuDigit {getDigit = 8},Question),(SudokuDigit {getDigit = 6},Question),(SudokuDigit {getDigit = 9},Question),(SudokuDigit {getDigit = 5},Question)],[(SudokuDigit {getDigit = 0},Answer),(SudokuDigit {getDigit = 7},Question),(SudokuDigit {getDigit = 1},Question),(SudokuDigit {getDigit = 6},Question),(SudokuDigit {getDigit = 0},Answer),(SudokuDigit {getDigit = 0},Answer),(SudokuDigit {getDigit = 0},Answer),(SudokuDigit {getDigit = 0},Answer),(SudokuDigit {getDigit = 0},Answer)],[(SudokuDigit {getDigit = 0},Answer),(SudokuDigit {getDigit = 0},Answer),(SudokuDigit {getDigit = 6},Question),(SudokuDigit {getDigit = 0},Answer),(SudokuDigit {getDigit = 0},Answer),(SudokuDigit {getDigit = 9},Question),(SudokuDigit {getDigit = 0},Answer),(SudokuDigit {getDigit = 1},Question),(SudokuDigit {getDigit = 0},Answer)],[(SudokuDigit {getDigit = 1},Question),(SudokuDigit {getDigit = 0},Answer),(SudokuDigit {getDigit = 3},Question),(SudokuDigit {getDigit = 0},Answer),(SudokuDigit {getDigit = 8},Question),(SudokuDigit {getDigit = 7},Question),(SudokuDigit {getDigit = 9},Question),(SudokuDigit {getDigit = 5},Question),(SudokuDigit {getDigit = 6},Question)],[(SudokuDigit {getDigit = 0},Answer),(SudokuDigit {getDigit = 0},Answer),(SudokuDigit {getDigit = 8},Question),(SudokuDigit {getDigit = 0},Answer),(SudokuDigit {getDigit = 9},Question),(SudokuDigit {getDigit = 6},Question),(SudokuDigit {getDigit = 0},Answer),(SudokuDigit {getDigit = 7},Question),(SudokuDigit {getDigit = 1},Question)],[(SudokuDigit {getDigit = 0},Answer),(SudokuDigit {getDigit = 0},Answer),(SudokuDigit {getDigit = 9},Question),(SudokuDigit {getDigit = 0},Answer),(SudokuDigit {getDigit = 0},Answer),(SudokuDigit {getDigit = 1},Question),(SudokuDigit {getDigit = 0},Answer),(SudokuDigit {getDigit = 0},Answer),(SudokuDigit {getDigit = 0},Answer)]]	2025-01-06 03:02:09.340032 UTC	2025-01-06 03:07:57.374856 UTC	5.706287s
zoe	Normal	Unsolved	[[(SudokuDigit {getDigit = 0},CurrentAnswer),(SudokuDigit {getDigit = 2},Question),(SudokuDigit {getDigit = 1},Question),(SudokuDigit {getDigit = 0},Answer),(SudokuDigit {getDigit = 8},Question),(SudokuDigit {getDigit = 4},Question),(SudokuDigit {getDigit = 0},Answer),(SudokuDigit {getDigit = 0},Answer),(SudokuDigit {getDigit = 0},Answer)],[(SudokuDigit {getDigit = 0},Answer),(SudokuDigit {getDigit = 0},Answer),(SudokuDigit {getDigit = 9},Question),(SudokuDigit {getDigit = 2},Question),(SudokuDigit {getDigit = 6},Question),(SudokuDigit {getDigit = 0},Answer),(SudokuDigit {getDigit = 0},Answer),(SudokuDigit {getDigit = 5},Question),(SudokuDigit {getDigit = 1},Question)],[(SudokuDigit {getDigit = 0},Answer),(SudokuDigit {getDigit = 0},Answer),(SudokuDigit {getDigit = 0},Answer),(SudokuDigit {getDigit = 1},Question),(SudokuDigit {getDigit = 0},Answer),(SudokuDigit {getDigit = 0},Answer),(SudokuDigit {getDigit = 8},Question),(SudokuDigit {getDigit = 4},Question),(SudokuDigit {getDigit = 2},Question)],[(SudokuDigit {getDigit = 0},Answer),(SudokuDigit {getDigit = 9},Question),(SudokuDigit {getDigit = 0},Answer),(SudokuDigit {getDigit = 0},Answer),(SudokuDigit {getDigit = 7},Question),(SudokuDigit {getDigit = 0},Answer),(SudokuDigit {getDigit = 1},Question),(SudokuDigit {getDigit = 0},Answer),(SudokuDigit {getDigit = 4},Question)],[(SudokuDigit {getDigit = 0},Answer),(SudokuDigit {getDigit = 6},Question),(SudokuDigit {getDigit = 0},Answer),(SudokuDigit {getDigit = 3},Question),(SudokuDigit {getDigit = 1},Question),(SudokuDigit {getDigit = 0},Answer),(SudokuDigit {getDigit = 0},Answer),(SudokuDigit {getDigit = 0},Answer),(SudokuDigit {getDigit = 7},Question)],[(SudokuDigit {getDigit = 1},Question),(SudokuDigit {getDigit = 7},Question),(SudokuDigit {getDigit = 0},Answer),(SudokuDigit {getDigit = 4},Question),(SudokuDigit {getDigit = 0},Answer),(SudokuDigit {getDigit = 6},Question),(SudokuDigit {getDigit = 0},Answer),(SudokuDigit {getDigit = 2},Question),(SudokuDigit {getDigit = 0},Answer)],[(SudokuDigit {getDigit = 7},Question),(SudokuDigit {getDigit = 1},Question),(SudokuDigit {getDigit = 0},Answer),(SudokuDigit {getDigit = 5},Question),(SudokuDigit {getDigit = 0},Answer),(SudokuDigit {getDigit = 8},Question),(SudokuDigit {getDigit = 0},Answer),(SudokuDigit {getDigit = 0},Answer),(SudokuDigit {getDigit = 0},Answer)],[(SudokuDigit {getDigit = 0},Answer),(SudokuDigit {getDigit = 0},Answer),(SudokuDigit {getDigit = 0},Answer),(SudokuDigit {getDigit = 0},Answer),(SudokuDigit {getDigit = 4},Question),(SudokuDigit {getDigit = 1},Question),(SudokuDigit {getDigit = 2},Question),(SudokuDigit {getDigit = 7},Question),(SudokuDigit {getDigit = 8},Question)],[(SudokuDigit {getDigit = 2},Question),(SudokuDigit {getDigit = 8},Question),(SudokuDigit {getDigit = 4},Question),(SudokuDigit {getDigit = 0},Answer),(SudokuDigit {getDigit = 0},Answer),(SudokuDigit {getDigit = 0},Answer),(SudokuDigit {getDigit = 6},Question),(SudokuDigit {getDigit = 1},Question),(SudokuDigit {getDigit = 0},Answer)]]	2025-01-06 03:28:11.181658 UTC	2025-01-06 03:28:43.499303 UTC	29.220357s
mia	Easy	Unsolved	[[(SudokuDigit {getDigit = 3},CurrentQuestion),(SudokuDigit {getDigit = 2},Question),(SudokuDigit {getDigit = 6},Question),(SudokuDigit {getDigit = 5},Question),(SudokuDigit {getDigit = 9},Question),(SudokuDigit {getDigit = 4},Question),(SudokuDigit {getDigit = 7},Question),(SudokuDigit {getDigit = 1},Question),(SudokuDigit {getDigit = 0},Answer)],[(SudokuDigit {getDigit = 1},Question),(SudokuDigit {getDigit = 0},Answer),(SudokuDigit {getDigit = 5},Question),(SudokuDigit {getDigit = 2},Question),(SudokuDigit {getDigit = 7},Question),(SudokuDigit {getDigit = 0},Answer),(SudokuDigit {getDigit = 3},Question),(SudokuDigit {getDigit = 4},Question),(SudokuDigit {getDigit = 6},Question)],[(SudokuDigit {getDigit = 8},Question),(SudokuDigit {getDigit = 7},Question),(SudokuDigit {getDigit = 0},Answer),(SudokuDigit {getDigit = 1},Question),(SudokuDigit {getDigit = 6},Question),(SudokuDigit {getDigit = 3},Question),(SudokuDigit {getDigit = 2},Question),(SudokuDigit {getDigit = 5},Question),(SudokuDigit {getDigit = 0},Answer)],[(SudokuDigit {getDigit = 0},Answer),(SudokuDigit {getDigit = 3},Question),(SudokuDigit {getDigit = 1},Question),(SudokuDigit {getDigit = 0},Answer),(SudokuDigit {getDigit = 4},Question),(SudokuDigit {getDigit = 9},Question),(SudokuDigit {getDigit = 8},Question),(SudokuDigit {getDigit = 7},Question),(SudokuDigit {getDigit = 0},Answer)],[(SudokuDigit {getDigit = 7},Question),(SudokuDigit {getDigit = 4},Question),(SudokuDigit {getDigit = 9},Question),(SudokuDigit {getDigit = 8},Question),(SudokuDigit {getDigit = 0},Answer),(SudokuDigit {getDigit = 0},Answer),(SudokuDigit {getDigit = 1},Question),(SudokuDigit {getDigit = 0},Answer),(SudokuDigit {getDigit = 3},Question)],[(SudokuDigit {getDigit = 6},Question),(SudokuDigit {getDigit = 8},Question),(SudokuDigit {getDigit = 0},Answer),(SudokuDigit {getDigit = 3},Question),(SudokuDigit {getDigit = 1},Question),(SudokuDigit {getDigit = 7},Question),(SudokuDigit {getDigit = 4},Question),(SudokuDigit {getDigit = 9},Question),(SudokuDigit {getDigit = 5},Question)],[(SudokuDigit {getDigit = 2},Question),(SudokuDigit {getDigit = 5},Question),(SudokuDigit {getDigit = 7},Question),(SudokuDigit {getDigit = 4},Question),(SudokuDigit {getDigit = 3},Question),(SudokuDigit {getDigit = 0},Answer),(SudokuDigit {getDigit = 9},Question),(SudokuDigit {getDigit = 8},Question),(SudokuDigit {getDigit = 0},Answer)],[(SudokuDigit {getDigit = 4},Question),(SudokuDigit {getDigit = 0},Answer),(SudokuDigit {getDigit = 0},Answer),(SudokuDigit {getDigit = 9},Question),(SudokuDigit {getDigit = 5},Question),(SudokuDigit {getDigit = 2},Question),(SudokuDigit {getDigit = 0},Answer),(SudokuDigit {getDigit = 3},Question),(SudokuDigit {getDigit = 7},Question)],[(SudokuDigit {getDigit = 0},Answer),(SudokuDigit {getDigit = 6},Question),(SudokuDigit {getDigit = 3},Question),(SudokuDigit {getDigit = 0},Answer),(SudokuDigit {getDigit = 8},Question),(SudokuDigit {getDigit = 1},Question),(SudokuDigit {getDigit = 5},Question),(SudokuDigit {getDigit = 0},Answer),(SudokuDigit {getDigit = 4},Question)]]	2025-01-06 14:36:29.602065 UTC	2025-01-06 14:36:36.716825 UTC	7.11477s
gigi	Easy	Unsolved	[[(SudokuDigit {getDigit = 8},Question),(SudokuDigit {getDigit = 1},Question),(SudokuDigit {getDigit = 3},Question),(SudokuDigit {getDigit = 2},Question),(SudokuDigit {getDigit = 0},CurrentAnswer),(SudokuDigit {getDigit = 4},Question),(SudokuDigit {getDigit = 0},Answer),(SudokuDigit {getDigit = 6},Question),(SudokuDigit {getDigit = 7},Question)],[(SudokuDigit {getDigit = 9},Question),(SudokuDigit {getDigit = 5},Question),(SudokuDigit {getDigit = 0},Answer),(SudokuDigit {getDigit = 3},Question),(SudokuDigit {getDigit = 7},Question),(SudokuDigit {getDigit = 1},Question),(SudokuDigit {getDigit = 0},Answer),(SudokuDigit {getDigit = 4},Question),(SudokuDigit {getDigit = 2},Question)],[(SudokuDigit {getDigit = 7},Question),(SudokuDigit {getDigit = 2},Question),(SudokuDigit {getDigit = 0},Answer),(SudokuDigit {getDigit = 6},Question),(SudokuDigit {getDigit = 8},Question),(SudokuDigit {getDigit = 0},Answer),(SudokuDigit {getDigit = 0},Answer),(SudokuDigit {getDigit = 1},Question),(SudokuDigit {getDigit = 5},Question)],[(SudokuDigit {getDigit = 2},Question),(SudokuDigit {getDigit = 6},Question),(SudokuDigit {getDigit = 5},Question),(SudokuDigit {getDigit = 8},Question),(SudokuDigit {getDigit = 1},Question),(SudokuDigit {getDigit = 7},Question),(SudokuDigit {getDigit = 0},Answer),(SudokuDigit {getDigit = 3},Question),(SudokuDigit {getDigit = 9},Question)],[(SudokuDigit {getDigit = 0},Answer),(SudokuDigit {getDigit = 3},Question),(SudokuDigit {getDigit = 0},Answer),(SudokuDigit {getDigit = 0},Answer),(SudokuDigit {getDigit = 6},Question),(SudokuDigit {getDigit = 2},Question),(SudokuDigit {getDigit = 0},Answer),(SudokuDigit {getDigit = 5},Question),(SudokuDigit {getDigit = 1},Question)],[(SudokuDigit {getDigit = 1},Question),(SudokuDigit {getDigit = 0},Answer),(SudokuDigit {getDigit = 9},Question),(SudokuDigit {getDigit = 5},Question),(SudokuDigit {getDigit = 4},Question),(SudokuDigit {getDigit = 3},Question),(SudokuDigit {getDigit = 6},Question),(SudokuDigit {getDigit = 0},Answer),(SudokuDigit {getDigit = 8},Question)],[(SudokuDigit {getDigit = 6},Question),(SudokuDigit {getDigit = 9},Question),(SudokuDigit {getDigit = 0},Answer),(SudokuDigit {getDigit = 7},Question),(SudokuDigit {getDigit = 3},Question),(SudokuDigit {getDigit = 0},Answer),(SudokuDigit {getDigit = 2},Question),(SudokuDigit {getDigit = 8},Question),(SudokuDigit {getDigit = 0},Answer)],[(SudokuDigit {getDigit = 3},Question),(SudokuDigit {getDigit = 4},Question),(SudokuDigit {getDigit = 2},Question),(SudokuDigit {getDigit = 1},Question),(SudokuDigit {getDigit = 9},Question),(SudokuDigit {getDigit = 8},Question),(SudokuDigit {getDigit = 5},Question),(SudokuDigit {getDigit = 0},Answer),(SudokuDigit {getDigit = 6},Question)],[(SudokuDigit {getDigit = 0},Answer),(SudokuDigit {getDigit = 8},Question),(SudokuDigit {getDigit = 0},Answer),(SudokuDigit {getDigit = 0},Answer),(SudokuDigit {getDigit = 2},Question),(SudokuDigit {getDigit = 6},Question),(SudokuDigit {getDigit = 1},Question),(SudokuDigit {getDigit = 9},Question),(SudokuDigit {getDigit = 3},Question)]]	2025-01-07 12:57:46.194835 UTC	2025-01-07 12:58:04.156995 UTC	17.96217s
daisy	Hard	Unsolved	[[(SudokuDigit {getDigit = 0},Answer),(SudokuDigit {getDigit = 0},Answer),(SudokuDigit {getDigit = 0},Answer),(SudokuDigit {getDigit = 3},Question),(SudokuDigit {getDigit = 0},Answer),(SudokuDigit {getDigit = 5},Question),(SudokuDigit {getDigit = 0},Answer),(SudokuDigit {getDigit = 0},Answer),(SudokuDigit {getDigit = 0},Answer)],[(SudokuDigit {getDigit = 0},Answer),(SudokuDigit {getDigit = 0},Answer),(SudokuDigit {getDigit = 6},Question),(SudokuDigit {getDigit = 0},Answer),(SudokuDigit {getDigit = 0},Answer),(SudokuDigit {getDigit = 0},Answer),(SudokuDigit {getDigit = 0},Answer),(SudokuDigit {getDigit = 0},Answer),(SudokuDigit {getDigit = 0},Answer)],[(SudokuDigit {getDigit = 0},Answer),(SudokuDigit {getDigit = 0},Answer),(SudokuDigit {getDigit = 0},Answer),(SudokuDigit {getDigit = 0},Answer),(SudokuDigit {getDigit = 0},Answer),(SudokuDigit {getDigit = 2},Question),(SudokuDigit {getDigit = 4},Question),(SudokuDigit {getDigit = 0},Answer),(SudokuDigit {getDigit = 0},Answer)],[(SudokuDigit {getDigit = 0},Answer),(SudokuDigit {getDigit = 0},Answer),(SudokuDigit {getDigit = 0},Answer),(SudokuDigit {getDigit = 0},Answer),(SudokuDigit {getDigit = 0},Answer),(SudokuDigit {getDigit = 0},Answer),(SudokuDigit {getDigit = 0},Answer),(SudokuDigit {getDigit = 0},Answer),(SudokuDigit {getDigit = 0},Answer)],[(SudokuDigit {getDigit = 0},Answer),(SudokuDigit {getDigit = 9},Question),(SudokuDigit {getDigit = 0},Answer),(SudokuDigit {getDigit = 0},Answer),(SudokuDigit {getDigit = 0},Answer),(SudokuDigit {getDigit = 7},Question),(SudokuDigit {getDigit = 8},Question),(SudokuDigit {getDigit = 4},Question),(SudokuDigit {getDigit = 0},Answer)],[(SudokuDigit {getDigit = 0},Answer),(SudokuDigit {getDigit = 0},Answer),(SudokuDigit {getDigit = 0},Answer),(SudokuDigit {getDigit = 0},Answer),(SudokuDigit {getDigit = 3},Question),(SudokuDigit {getDigit = 1},Question),(SudokuDigit {getDigit = 0},Answer),(SudokuDigit {getDigit = 0},Answer),(SudokuDigit {getDigit = 0},Answer)],[(SudokuDigit {getDigit = 4},Question),(SudokuDigit {getDigit = 0},Answer),(SudokuDigit {getDigit = 3},Question),(SudokuDigit {getDigit = 5},Question),(SudokuDigit {getDigit = 1},Question),(SudokuDigit {getDigit = 0},Answer),(SudokuDigit {getDigit = 0},Answer),(SudokuDigit {getDigit = 0},Answer),(SudokuDigit {getDigit = 0},Answer)],[(SudokuDigit {getDigit = 0},Answer),(SudokuDigit {getDigit = 0},Answer),(SudokuDigit {getDigit = 0},Answer),(SudokuDigit {getDigit = 0},CurrentAnswer),(SudokuDigit {getDigit = 0},Answer),(SudokuDigit {getDigit = 6},Question),(SudokuDigit {getDigit = 3},Question),(SudokuDigit {getDigit = 0},Answer),(SudokuDigit {getDigit = 4},Question)],[(SudokuDigit {getDigit = 9},Question),(SudokuDigit {getDigit = 0},Answer),(SudokuDigit {getDigit = 0},Answer),(SudokuDigit {getDigit = 0},Answer),(SudokuDigit {getDigit = 0},Answer),(SudokuDigit {getDigit = 0},Answer),(SudokuDigit {getDigit = 0},Answer),(SudokuDigit {getDigit = 0},Answer),(SudokuDigit {getDigit = 8},Question)]]	2025-01-07 14:12:22.596886 UTC	2025-01-10 14:40:51.691513 UTC	16.975194s
jasper	Easy	Unsolved	[[(SudokuDigit {getDigit = 8},CurrentQuestion),(SudokuDigit {getDigit = 3},Question),(SudokuDigit {getDigit = 0},Answer),(SudokuDigit {getDigit = 9},Question),(SudokuDigit {getDigit = 2},Question),(SudokuDigit {getDigit = 5},Question),(SudokuDigit {getDigit = 6},Question),(SudokuDigit {getDigit = 4},Question),(SudokuDigit {getDigit = 7},Question)],[(SudokuDigit {getDigit = 4},Question),(SudokuDigit {getDigit = 9},Question),(SudokuDigit {getDigit = 5},Question),(SudokuDigit {getDigit = 7},Question),(SudokuDigit {getDigit = 1},Question),(SudokuDigit {getDigit = 0},Answer),(SudokuDigit {getDigit = 8},Question),(SudokuDigit {getDigit = 3},Question),(SudokuDigit {getDigit = 0},Answer)],[(SudokuDigit {getDigit = 7},Question),(SudokuDigit {getDigit = 2},Question),(SudokuDigit {getDigit = 6},Question),(SudokuDigit {getDigit = 3},Question),(SudokuDigit {getDigit = 0},Answer),(SudokuDigit {getDigit = 4},Question),(SudokuDigit {getDigit = 9},Question),(SudokuDigit {getDigit = 1},Question),(SudokuDigit {getDigit = 5},Question)],[(SudokuDigit {getDigit = 0},Answer),(SudokuDigit {getDigit = 7},Question),(SudokuDigit {getDigit = 3},Question),(SudokuDigit {getDigit = 5},Question),(SudokuDigit {getDigit = 9},Question),(SudokuDigit {getDigit = 1},Question),(SudokuDigit {getDigit = 0},Answer),(SudokuDigit {getDigit = 6},Question),(SudokuDigit {getDigit = 8},Question)],[(SudokuDigit {getDigit = 1},Question),(SudokuDigit {getDigit = 0},Answer),(SudokuDigit {getDigit = 8},Question),(SudokuDigit {getDigit = 4},Question),(SudokuDigit {getDigit = 0},Answer),(SudokuDigit {getDigit = 2},Question),(SudokuDigit {getDigit = 5},Question),(SudokuDigit {getDigit = 9},Question),(SudokuDigit {getDigit = 3},Question)],[(SudokuDigit {getDigit = 9},Question),(SudokuDigit {getDigit = 5},Question),(SudokuDigit {getDigit = 0},Answer),(SudokuDigit {getDigit = 8},Question),(SudokuDigit {getDigit = 0},Answer),(SudokuDigit {getDigit = 0},Answer),(SudokuDigit {getDigit = 0},Answer),(SudokuDigit {getDigit = 7},Question),(SudokuDigit {getDigit = 1},Question)],[(SudokuDigit {getDigit = 3},Question),(SudokuDigit {getDigit = 4},Question),(SudokuDigit {getDigit = 0},Answer),(SudokuDigit {getDigit = 1},Question),(SudokuDigit {getDigit = 5},Question),(SudokuDigit {getDigit = 8},Question),(SudokuDigit {getDigit = 7},Question),(SudokuDigit {getDigit = 2},Question),(SudokuDigit {getDigit = 6},Question)],[(SudokuDigit {getDigit = 5},Question),(SudokuDigit {getDigit = 1},Question),(SudokuDigit {getDigit = 0},Answer),(SudokuDigit {getDigit = 6},Question),(SudokuDigit {getDigit = 4},Question),(SudokuDigit {getDigit = 7},Question),(SudokuDigit {getDigit = 0},Answer),(SudokuDigit {getDigit = 8},Question),(SudokuDigit {getDigit = 9},Question)],[(SudokuDigit {getDigit = 6},Question),(SudokuDigit {getDigit = 0},Answer),(SudokuDigit {getDigit = 7},Question),(SudokuDigit {getDigit = 2},Question),(SudokuDigit {getDigit = 3},Question),(SudokuDigit {getDigit = 0},Answer),(SudokuDigit {getDigit = 1},Question),(SudokuDigit {getDigit = 0},Answer),(SudokuDigit {getDigit = 0},Answer)]]	2025-01-07 15:49:58.532078 UTC	2025-01-07 15:50:23.665887 UTC	25.133824s
willow	Normal	Unsolved	[[(SudokuDigit {getDigit = 1},CurrentQuestion),(SudokuDigit {getDigit = 3},Question),(SudokuDigit {getDigit = 0},Answer),(SudokuDigit {getDigit = 0},Answer),(SudokuDigit {getDigit = 2},Question),(SudokuDigit {getDigit = 0},Answer),(SudokuDigit {getDigit = 4},Question),(SudokuDigit {getDigit = 0},Answer),(SudokuDigit {getDigit = 0},Answer)],[(SudokuDigit {getDigit = 2},Question),(SudokuDigit {getDigit = 0},Answer),(SudokuDigit {getDigit = 0},Answer),(SudokuDigit {getDigit = 4},Question),(SudokuDigit {getDigit = 0},Answer),(SudokuDigit {getDigit = 5},Question),(SudokuDigit {getDigit = 0},Answer),(SudokuDigit {getDigit = 0},Answer),(SudokuDigit {getDigit = 7},Question)],[(SudokuDigit {getDigit = 4},Question),(SudokuDigit {getDigit = 0},Answer),(SudokuDigit {getDigit = 0},Answer),(SudokuDigit {getDigit = 0},Answer),(SudokuDigit {getDigit = 6},Question),(SudokuDigit {getDigit = 0},Answer),(SudokuDigit {getDigit = 9},Question),(SudokuDigit {getDigit = 2},Question),(SudokuDigit {getDigit = 0},Answer)],[(SudokuDigit {getDigit = 5},Question),(SudokuDigit {getDigit = 2},Question),(SudokuDigit {getDigit = 0},Answer),(SudokuDigit {getDigit = 0},Answer),(SudokuDigit {getDigit = 1},Question),(SudokuDigit {getDigit = 0},Answer),(SudokuDigit {getDigit = 0},Answer),(SudokuDigit {getDigit = 0},Answer),(SudokuDigit {getDigit = 0},Answer)],[(SudokuDigit {getDigit = 0},Answer),(SudokuDigit {getDigit = 7},Question),(SudokuDigit {getDigit = 6},Question),(SudokuDigit {getDigit = 3},Question),(SudokuDigit {getDigit = 5},Question),(SudokuDigit {getDigit = 0},Answer),(SudokuDigit {getDigit = 2},Question),(SudokuDigit {getDigit = 4},Question),(SudokuDigit {getDigit = 0},Answer)],[(SudokuDigit {getDigit = 0},Answer),(SudokuDigit {getDigit = 0},Answer),(SudokuDigit {getDigit = 1},Question),(SudokuDigit {getDigit = 0},Answer),(SudokuDigit {getDigit = 7},Question),(SudokuDigit {getDigit = 2},Question),(SudokuDigit {getDigit = 5},Question),(SudokuDigit {getDigit = 0},Answer),(SudokuDigit {getDigit = 9},Question)],[(SudokuDigit {getDigit = 0},Answer),(SudokuDigit {getDigit = 0},Answer),(SudokuDigit {getDigit = 0},Answer),(SudokuDigit {getDigit = 0},Answer),(SudokuDigit {getDigit = 0},Answer),(SudokuDigit {getDigit = 1},Question),(SudokuDigit {getDigit = 0},Answer),(SudokuDigit {getDigit = 7},Question),(SudokuDigit {getDigit = 0},Answer)],[(SudokuDigit {getDigit = 0},Answer),(SudokuDigit {getDigit = 1},Question),(SudokuDigit {getDigit = 2},Question),(SudokuDigit {getDigit = 0},Answer),(SudokuDigit {getDigit = 9},Question),(SudokuDigit {getDigit = 6},Question),(SudokuDigit {getDigit = 0},Answer),(SudokuDigit {getDigit = 8},Question),(SudokuDigit {getDigit = 4},Question)],[(SudokuDigit {getDigit = 6},Question),(SudokuDigit {getDigit = 5},Question),(SudokuDigit {getDigit = 8},Question),(SudokuDigit {getDigit = 0},Answer),(SudokuDigit {getDigit = 4},Question),(SudokuDigit {getDigit = 0},Answer),(SudokuDigit {getDigit = 0},Answer),(SudokuDigit {getDigit = 9},Question),(SudokuDigit {getDigit = 0},Answer)]]	2025-01-07 15:57:20.061268 UTC	2025-01-07 15:57:45.662874 UTC	25.601615s
andy	Normal	Unsolved	[[(SudokuDigit {getDigit = 4},Question),(SudokuDigit {getDigit = 6},CurrentQuestion),(SudokuDigit {getDigit = 8},Answer),(SudokuDigit {getDigit = 3},Question),(SudokuDigit {getDigit = 0},Answer),(SudokuDigit {getDigit = 2},Question),(SudokuDigit {getDigit = 0},Answer),(SudokuDigit {getDigit = 0},Answer),(SudokuDigit {getDigit = 7},Question)],[(SudokuDigit {getDigit = 2},Question),(SudokuDigit {getDigit = 0},Answer),(SudokuDigit {getDigit = 0},Answer),(SudokuDigit {getDigit = 0},Answer),(SudokuDigit {getDigit = 0},Answer),(SudokuDigit {getDigit = 9},Question),(SudokuDigit {getDigit = 5},Question),(SudokuDigit {getDigit = 0},Answer),(SudokuDigit {getDigit = 0},Answer)],[(SudokuDigit {getDigit = 3},Question),(SudokuDigit {getDigit = 0},Answer),(SudokuDigit {getDigit = 9},Question),(SudokuDigit {getDigit = 0},Answer),(SudokuDigit {getDigit = 0},Answer),(SudokuDigit {getDigit = 7},Question),(SudokuDigit {getDigit = 0},Answer),(SudokuDigit {getDigit = 8},Question),(SudokuDigit {getDigit = 6},Question)],[(SudokuDigit {getDigit = 0},Answer),(SudokuDigit {getDigit = 4},Question),(SudokuDigit {getDigit = 0},Answer),(SudokuDigit {getDigit = 0},Answer),(SudokuDigit {getDigit = 7},Question),(SudokuDigit {getDigit = 0},Answer),(SudokuDigit {getDigit = 3},Question),(SudokuDigit {getDigit = 2},Question),(SudokuDigit {getDigit = 0},Answer)],[(SudokuDigit {getDigit = 5},Question),(SudokuDigit {getDigit = 7},Question),(SudokuDigit {getDigit = 0},Answer),(SudokuDigit {getDigit = 4},Question),(SudokuDigit {getDigit = 0},Answer),(SudokuDigit {getDigit = 3},Question),(SudokuDigit {getDigit = 9},Question),(SudokuDigit {getDigit = 6},Question),(SudokuDigit {getDigit = 8},Question)],[(SudokuDigit {getDigit = 9},Question),(SudokuDigit {getDigit = 0},Answer),(SudokuDigit {getDigit = 0},Answer),(SudokuDigit {getDigit = 6},Question),(SudokuDigit {getDigit = 0},Answer),(SudokuDigit {getDigit = 5},Question),(SudokuDigit {getDigit = 0},Answer),(SudokuDigit {getDigit = 0},Answer),(SudokuDigit {getDigit = 0},Answer)],[(SudokuDigit {getDigit = 0},Answer),(SudokuDigit {getDigit = 2},Question),(SudokuDigit {getDigit = 0},Answer),(SudokuDigit {getDigit = 5},Question),(SudokuDigit {getDigit = 0},Answer),(SudokuDigit {getDigit = 6},Question),(SudokuDigit {getDigit = 0},Answer),(SudokuDigit {getDigit = 7},Question),(SudokuDigit {getDigit = 9},Question)],[(SudokuDigit {getDigit = 0},Answer),(SudokuDigit {getDigit = 0},Answer),(SudokuDigit {getDigit = 6},Question),(SudokuDigit {getDigit = 7},Question),(SudokuDigit {getDigit = 0},Answer),(SudokuDigit {getDigit = 1},Question),(SudokuDigit {getDigit = 4},Question),(SudokuDigit {getDigit = 5},Question),(SudokuDigit {getDigit = 0},Answer)],[(SudokuDigit {getDigit = 7},Question),(SudokuDigit {getDigit = 9},Question),(SudokuDigit {getDigit = 5},Question),(SudokuDigit {getDigit = 0},Answer),(SudokuDigit {getDigit = 0},Answer),(SudokuDigit {getDigit = 0},Answer),(SudokuDigit {getDigit = 0},Answer),(SudokuDigit {getDigit = 1},Question),(SudokuDigit {getDigit = 0},Answer)]]	2025-01-08 05:02:27.822833 UTC	2025-01-08 05:04:55.41056 UTC	208.396121s
coco	Easy	Unsolved	[[(SudokuDigit {getDigit = 7},Question),(SudokuDigit {getDigit = 3},Question),(SudokuDigit {getDigit = 0},Answer),(SudokuDigit {getDigit = 6},CurrentQuestion),(SudokuDigit {getDigit = 9},Question),(SudokuDigit {getDigit = 5},Question),(SudokuDigit {getDigit = 0},Answer),(SudokuDigit {getDigit = 4},Question),(SudokuDigit {getDigit = 1},Question)],[(SudokuDigit {getDigit = 4},Question),(SudokuDigit {getDigit = 0},Answer),(SudokuDigit {getDigit = 2},Question),(SudokuDigit {getDigit = 3},Question),(SudokuDigit {getDigit = 0},Answer),(SudokuDigit {getDigit = 1},Question),(SudokuDigit {getDigit = 6},Question),(SudokuDigit {getDigit = 9},Question),(SudokuDigit {getDigit = 8},Question)],[(SudokuDigit {getDigit = 6},Question),(SudokuDigit {getDigit = 1},Question),(SudokuDigit {getDigit = 9},Question),(SudokuDigit {getDigit = 4},Question),(SudokuDigit {getDigit = 0},Answer),(SudokuDigit {getDigit = 0},Answer),(SudokuDigit {getDigit = 5},Question),(SudokuDigit {getDigit = 7},Question),(SudokuDigit {getDigit = 3},Question)],[(SudokuDigit {getDigit = 0},Answer),(SudokuDigit {getDigit = 0},Answer),(SudokuDigit {getDigit = 1},Question),(SudokuDigit {getDigit = 2},Question),(SudokuDigit {getDigit = 6},Question),(SudokuDigit {getDigit = 9},Question),(SudokuDigit {getDigit = 3},Question),(SudokuDigit {getDigit = 8},Question),(SudokuDigit {getDigit = 4},Question)],[(SudokuDigit {getDigit = 8},Question),(SudokuDigit {getDigit = 0},Answer),(SudokuDigit {getDigit = 4},Question),(SudokuDigit {getDigit = 7},Question),(SudokuDigit {getDigit = 5},Question),(SudokuDigit {getDigit = 0},Answer),(SudokuDigit {getDigit = 9},Question),(SudokuDigit {getDigit = 1},Question),(SudokuDigit {getDigit = 2},Question)],[(SudokuDigit {getDigit = 9},Question),(SudokuDigit {getDigit = 2},Question),(SudokuDigit {getDigit = 3},Question),(SudokuDigit {getDigit = 8},Question),(SudokuDigit {getDigit = 1},Question),(SudokuDigit {getDigit = 4},Question),(SudokuDigit {getDigit = 7},Question),(SudokuDigit {getDigit = 5},Question),(SudokuDigit {getDigit = 0},Answer)],[(SudokuDigit {getDigit = 2},Question),(SudokuDigit {getDigit = 8},Question),(SudokuDigit {getDigit = 0},Answer),(SudokuDigit {getDigit = 5},Question),(SudokuDigit {getDigit = 4},Question),(SudokuDigit {getDigit = 6},Question),(SudokuDigit {getDigit = 1},Question),(SudokuDigit {getDigit = 3},Question),(SudokuDigit {getDigit = 0},Answer)],[(SudokuDigit {getDigit = 3},Question),(SudokuDigit {getDigit = 9},Question),(SudokuDigit {getDigit = 5},Question),(SudokuDigit {getDigit = 0},Answer),(SudokuDigit {getDigit = 2},Question),(SudokuDigit {getDigit = 8},Question),(SudokuDigit {getDigit = 4},Question),(SudokuDigit {getDigit = 6},Question),(SudokuDigit {getDigit = 0},Answer)],[(SudokuDigit {getDigit = 0},Answer),(SudokuDigit {getDigit = 4},Question),(SudokuDigit {getDigit = 6},Question),(SudokuDigit {getDigit = 0},Answer),(SudokuDigit {getDigit = 3},Question),(SudokuDigit {getDigit = 7},Question),(SudokuDigit {getDigit = 8},Question),(SudokuDigit {getDigit = 2},Question),(SudokuDigit {getDigit = 0},Answer)]]	2025-01-08 05:37:56.56694 UTC	2025-01-10 06:16:40.242505 UTC	1304.11994s
ellie	SolverMode	Unsolved	[[(SudokuDigit {getDigit = 0},Answer),(SudokuDigit {getDigit = 0},Answer),(SudokuDigit {getDigit = 0},CurrentAnswer),(SudokuDigit {getDigit = 0},Answer),(SudokuDigit {getDigit = 0},Answer),(SudokuDigit {getDigit = 0},Answer),(SudokuDigit {getDigit = 0},Answer),(SudokuDigit {getDigit = 0},Answer),(SudokuDigit {getDigit = 0},Answer)],[(SudokuDigit {getDigit = 0},Answer),(SudokuDigit {getDigit = 0},Answer),(SudokuDigit {getDigit = 0},Answer),(SudokuDigit {getDigit = 0},Answer),(SudokuDigit {getDigit = 0},Answer),(SudokuDigit {getDigit = 0},Answer),(SudokuDigit {getDigit = 0},Answer),(SudokuDigit {getDigit = 0},Answer),(SudokuDigit {getDigit = 0},Answer)],[(SudokuDigit {getDigit = 0},Answer),(SudokuDigit {getDigit = 0},Answer),(SudokuDigit {getDigit = 0},Answer),(SudokuDigit {getDigit = 0},Answer),(SudokuDigit {getDigit = 0},Answer),(SudokuDigit {getDigit = 0},Answer),(SudokuDigit {getDigit = 0},Answer),(SudokuDigit {getDigit = 0},Answer),(SudokuDigit {getDigit = 0},Answer)],[(SudokuDigit {getDigit = 0},Answer),(SudokuDigit {getDigit = 0},Answer),(SudokuDigit {getDigit = 0},Answer),(SudokuDigit {getDigit = 0},Answer),(SudokuDigit {getDigit = 0},Answer),(SudokuDigit {getDigit = 0},Answer),(SudokuDigit {getDigit = 0},Answer),(SudokuDigit {getDigit = 0},Answer),(SudokuDigit {getDigit = 0},Answer)],[(SudokuDigit {getDigit = 0},Answer),(SudokuDigit {getDigit = 0},Answer),(SudokuDigit {getDigit = 0},Answer),(SudokuDigit {getDigit = 0},Answer),(SudokuDigit {getDigit = 0},Answer),(SudokuDigit {getDigit = 0},Answer),(SudokuDigit {getDigit = 0},Answer),(SudokuDigit {getDigit = 0},Answer),(SudokuDigit {getDigit = 0},Answer)],[(SudokuDigit {getDigit = 0},Answer),(SudokuDigit {getDigit = 0},Answer),(SudokuDigit {getDigit = 0},Answer),(SudokuDigit {getDigit = 0},Answer),(SudokuDigit {getDigit = 0},Answer),(SudokuDigit {getDigit = 0},Answer),(SudokuDigit {getDigit = 0},Answer),(SudokuDigit {getDigit = 0},Answer),(SudokuDigit {getDigit = 0},Answer)],[(SudokuDigit {getDigit = 0},Answer),(SudokuDigit {getDigit = 0},Answer),(SudokuDigit {getDigit = 0},Answer),(SudokuDigit {getDigit = 0},Answer),(SudokuDigit {getDigit = 0},Answer),(SudokuDigit {getDigit = 0},Answer),(SudokuDigit {getDigit = 0},Answer),(SudokuDigit {getDigit = 0},Answer),(SudokuDigit {getDigit = 0},Answer)],[(SudokuDigit {getDigit = 0},Answer),(SudokuDigit {getDigit = 0},Answer),(SudokuDigit {getDigit = 0},Answer),(SudokuDigit {getDigit = 0},Answer),(SudokuDigit {getDigit = 0},Answer),(SudokuDigit {getDigit = 0},Answer),(SudokuDigit {getDigit = 0},Answer),(SudokuDigit {getDigit = 0},Answer),(SudokuDigit {getDigit = 0},Answer)],[(SudokuDigit {getDigit = 0},Answer),(SudokuDigit {getDigit = 0},Answer),(SudokuDigit {getDigit = 0},Answer),(SudokuDigit {getDigit = 0},Answer),(SudokuDigit {getDigit = 0},Answer),(SudokuDigit {getDigit = 0},Answer),(SudokuDigit {getDigit = 0},Answer),(SudokuDigit {getDigit = 0},Answer),(SudokuDigit {getDigit = 0},Answer)]]	2025-01-09 18:00:55.241297 UTC	2025-01-09 18:01:16.380015 UTC	21.138732s
nicky	SolverMode	Solved	[[(SudokuDigit {getDigit = 3},Question),(SudokuDigit {getDigit = 4},Question),(SudokuDigit {getDigit = 5},Question),(SudokuDigit {getDigit = 6},Question),(SudokuDigit {getDigit = 7},Question),(SudokuDigit {getDigit = 8},Question),(SudokuDigit {getDigit = 1},Answer),(SudokuDigit {getDigit = 2},CurrentAnswer),(SudokuDigit {getDigit = 9},Question)],[(SudokuDigit {getDigit = 1},Question),(SudokuDigit {getDigit = 2},Question),(SudokuDigit {getDigit = 6},Question),(SudokuDigit {getDigit = 3},Question),(SudokuDigit {getDigit = 4},Question),(SudokuDigit {getDigit = 9},Question),(SudokuDigit {getDigit = 5},Question),(SudokuDigit {getDigit = 7},Question),(SudokuDigit {getDigit = 8},Question)],[(SudokuDigit {getDigit = 7},Question),(SudokuDigit {getDigit = 8},Question),(SudokuDigit {getDigit = 9},Question),(SudokuDigit {getDigit = 1},Question),(SudokuDigit {getDigit = 2},Question),(SudokuDigit {getDigit = 5},Question),(SudokuDigit {getDigit = 3},Question),(SudokuDigit {getDigit = 4},Question),(SudokuDigit {getDigit = 6},Question)],[(SudokuDigit {getDigit = 2},Question),(SudokuDigit {getDigit = 1},Question),(SudokuDigit {getDigit = 3},Question),(SudokuDigit {getDigit = 4},Question),(SudokuDigit {getDigit = 5},Question),(SudokuDigit {getDigit = 6},Question),(SudokuDigit {getDigit = 8},Question),(SudokuDigit {getDigit = 9},Question),(SudokuDigit {getDigit = 7},Question)],[(SudokuDigit {getDigit = 4},Question),(SudokuDigit {getDigit = 5},Question),(SudokuDigit {getDigit = 7},Question),(SudokuDigit {getDigit = 8},Question),(SudokuDigit {getDigit = 9},Question),(SudokuDigit {getDigit = 1},Question),(SudokuDigit {getDigit = 2},Question),(SudokuDigit {getDigit = 6},Question),(SudokuDigit {getDigit = 3},Question)],[(SudokuDigit {getDigit = 6},Question),(SudokuDigit {getDigit = 9},Question),(SudokuDigit {getDigit = 8},Question),(SudokuDigit {getDigit = 2},Question),(SudokuDigit {getDigit = 3},Question),(SudokuDigit {getDigit = 7},Question),(SudokuDigit {getDigit = 4},Question),(SudokuDigit {getDigit = 1},Question),(SudokuDigit {getDigit = 5},Question)],[(SudokuDigit {getDigit = 5},Question),(SudokuDigit {getDigit = 3},Question),(SudokuDigit {getDigit = 1},Question),(SudokuDigit {getDigit = 7},Question),(SudokuDigit {getDigit = 6},Question),(SudokuDigit {getDigit = 2},Question),(SudokuDigit {getDigit = 9},Question),(SudokuDigit {getDigit = 8},Question),(SudokuDigit {getDigit = 4},Question)],[(SudokuDigit {getDigit = 8},Question),(SudokuDigit {getDigit = 6},Question),(SudokuDigit {getDigit = 4},Question),(SudokuDigit {getDigit = 9},Question),(SudokuDigit {getDigit = 1},Question),(SudokuDigit {getDigit = 3},Question),(SudokuDigit {getDigit = 7},Question),(SudokuDigit {getDigit = 5},Question),(SudokuDigit {getDigit = 2},Question)],[(SudokuDigit {getDigit = 9},Question),(SudokuDigit {getDigit = 7},Question),(SudokuDigit {getDigit = 2},Question),(SudokuDigit {getDigit = 5},Question),(SudokuDigit {getDigit = 8},Question),(SudokuDigit {getDigit = 4},Question),(SudokuDigit {getDigit = 6},Question),(SudokuDigit {getDigit = 3},Question),(SudokuDigit {getDigit = 1},Question)]]	2025-01-09 18:01:25.300059 UTC	2025-01-09 18:01:48.546204 UTC	27.920534s
sammy	Easy	Unsolved	[[(SudokuDigit {getDigit = 3},CurrentQuestion),(SudokuDigit {getDigit = 7},Question),(SudokuDigit {getDigit = 5},Question),(SudokuDigit {getDigit = 0},Answer),(SudokuDigit {getDigit = 1},Question),(SudokuDigit {getDigit = 6},Question),(SudokuDigit {getDigit = 2},Question),(SudokuDigit {getDigit = 4},Question),(SudokuDigit {getDigit = 0},Answer)],[(SudokuDigit {getDigit = 8},Question),(SudokuDigit {getDigit = 0},Answer),(SudokuDigit {getDigit = 4},Question),(SudokuDigit {getDigit = 0},Answer),(SudokuDigit {getDigit = 0},Answer),(SudokuDigit {getDigit = 5},Question),(SudokuDigit {getDigit = 1},Question),(SudokuDigit {getDigit = 3},Question),(SudokuDigit {getDigit = 0},Answer)],[(SudokuDigit {getDigit = 2},Question),(SudokuDigit {getDigit = 9},Question),(SudokuDigit {getDigit = 1},Question),(SudokuDigit {getDigit = 8},Question),(SudokuDigit {getDigit = 3},Question),(SudokuDigit {getDigit = 4},Question),(SudokuDigit {getDigit = 5},Question),(SudokuDigit {getDigit = 0},Answer),(SudokuDigit {getDigit = 6},Question)],[(SudokuDigit {getDigit = 1},Question),(SudokuDigit {getDigit = 2},Question),(SudokuDigit {getDigit = 9},Question),(SudokuDigit {getDigit = 7},Question),(SudokuDigit {getDigit = 5},Question),(SudokuDigit {getDigit = 0},Answer),(SudokuDigit {getDigit = 8},Question),(SudokuDigit {getDigit = 6},Question),(SudokuDigit {getDigit = 4},Question)],[(SudokuDigit {getDigit = 0},Answer),(SudokuDigit {getDigit = 8},Question),(SudokuDigit {getDigit = 3},Question),(SudokuDigit {getDigit = 4},Question),(SudokuDigit {getDigit = 9},Question),(SudokuDigit {getDigit = 1},Question),(SudokuDigit {getDigit = 7},Question),(SudokuDigit {getDigit = 5},Question),(SudokuDigit {getDigit = 0},Answer)],[(SudokuDigit {getDigit = 4},Question),(SudokuDigit {getDigit = 5},Question),(SudokuDigit {getDigit = 7},Question),(SudokuDigit {getDigit = 6},Question),(SudokuDigit {getDigit = 8},Question),(SudokuDigit {getDigit = 0},Answer),(SudokuDigit {getDigit = 3},Question),(SudokuDigit {getDigit = 9},Question),(SudokuDigit {getDigit = 1},Question)],[(SudokuDigit {getDigit = 7},Question),(SudokuDigit {getDigit = 4},Question),(SudokuDigit {getDigit = 8},Question),(SudokuDigit {getDigit = 0},Answer),(SudokuDigit {getDigit = 2},Question),(SudokuDigit {getDigit = 0},Answer),(SudokuDigit {getDigit = 0},Answer),(SudokuDigit {getDigit = 1},Question),(SudokuDigit {getDigit = 3},Question)],[(SudokuDigit {getDigit = 0},Answer),(SudokuDigit {getDigit = 3},Question),(SudokuDigit {getDigit = 6},Question),(SudokuDigit {getDigit = 1},Question),(SudokuDigit {getDigit = 4},Question),(SudokuDigit {getDigit = 8},Question),(SudokuDigit {getDigit = 9},Question),(SudokuDigit {getDigit = 2},Question),(SudokuDigit {getDigit = 7},Question)],[(SudokuDigit {getDigit = 9},Question),(SudokuDigit {getDigit = 1},Question),(SudokuDigit {getDigit = 2},Question),(SudokuDigit {getDigit = 3},Question),(SudokuDigit {getDigit = 0},Answer),(SudokuDigit {getDigit = 7},Question),(SudokuDigit {getDigit = 0},Answer),(SudokuDigit {getDigit = 8},Question),(SudokuDigit {getDigit = 5},Question)]]	2025-01-09 18:05:55.246538 UTC	2025-01-09 18:07:41.098469 UTC	105.852018s
teddy	SolverMode	Solved	[[(SudokuDigit {getDigit = 1},Question),(SudokuDigit {getDigit = 2},Question),(SudokuDigit {getDigit = 3},Question),(SudokuDigit {getDigit = 4},Question),(SudokuDigit {getDigit = 5},Question),(SudokuDigit {getDigit = 6},Question),(SudokuDigit {getDigit = 7},Question),(SudokuDigit {getDigit = 8},Question),(SudokuDigit {getDigit = 9},Question)],[(SudokuDigit {getDigit = 4},Question),(SudokuDigit {getDigit = 5},Question),(SudokuDigit {getDigit = 6},Question),(SudokuDigit {getDigit = 7},Question),(SudokuDigit {getDigit = 8},Question),(SudokuDigit {getDigit = 9},Question),(SudokuDigit {getDigit = 1},Question),(SudokuDigit {getDigit = 2},Question),(SudokuDigit {getDigit = 3},Question)],[(SudokuDigit {getDigit = 7},Question),(SudokuDigit {getDigit = 8},Question),(SudokuDigit {getDigit = 9},Question),(SudokuDigit {getDigit = 1},Question),(SudokuDigit {getDigit = 2},Question),(SudokuDigit {getDigit = 3},Question),(SudokuDigit {getDigit = 4},Question),(SudokuDigit {getDigit = 5},Question),(SudokuDigit {getDigit = 6},Question)],[(SudokuDigit {getDigit = 2},Question),(SudokuDigit {getDigit = 1},Question),(SudokuDigit {getDigit = 4},Question),(SudokuDigit {getDigit = 3},Question),(SudokuDigit {getDigit = 6},Question),(SudokuDigit {getDigit = 5},Question),(SudokuDigit {getDigit = 8},Question),(SudokuDigit {getDigit = 9},Question),(SudokuDigit {getDigit = 7},Question)],[(SudokuDigit {getDigit = 3},Question),(SudokuDigit {getDigit = 6},Question),(SudokuDigit {getDigit = 5},Question),(SudokuDigit {getDigit = 8},Question),(SudokuDigit {getDigit = 9},Question),(SudokuDigit {getDigit = 7},Question),(SudokuDigit {getDigit = 2},Question),(SudokuDigit {getDigit = 1},Question),(SudokuDigit {getDigit = 4},Question)],[(SudokuDigit {getDigit = 8},Question),(SudokuDigit {getDigit = 9},Question),(SudokuDigit {getDigit = 7},Question),(SudokuDigit {getDigit = 2},Question),(SudokuDigit {getDigit = 1},Question),(SudokuDigit {getDigit = 4},Question),(SudokuDigit {getDigit = 3},Question),(SudokuDigit {getDigit = 6},Question),(SudokuDigit {getDigit = 5},Question)],[(SudokuDigit {getDigit = 5},Question),(SudokuDigit {getDigit = 3},Question),(SudokuDigit {getDigit = 1},Question),(SudokuDigit {getDigit = 6},Question),(SudokuDigit {getDigit = 4},Question),(SudokuDigit {getDigit = 2},Question),(SudokuDigit {getDigit = 9},Question),(SudokuDigit {getDigit = 7},Question),(SudokuDigit {getDigit = 8},Question)],[(SudokuDigit {getDigit = 6},Question),(SudokuDigit {getDigit = 4},Question),(SudokuDigit {getDigit = 2},Question),(SudokuDigit {getDigit = 9},Question),(SudokuDigit {getDigit = 7},Question),(SudokuDigit {getDigit = 8},Question),(SudokuDigit {getDigit = 5},Question),(SudokuDigit {getDigit = 3},Question),(SudokuDigit {getDigit = 1},Question)],[(SudokuDigit {getDigit = 9},Question),(SudokuDigit {getDigit = 7},Question),(SudokuDigit {getDigit = 8},Question),(SudokuDigit {getDigit = 5},Question),(SudokuDigit {getDigit = 3},Question),(SudokuDigit {getDigit = 1},Question),(SudokuDigit {getDigit = 6},Question),(SudokuDigit {getDigit = 4},Question),(SudokuDigit {getDigit = 2},Question)]]	2025-01-09 18:07:51.596646 UTC	2025-01-09 18:08:01.036024 UTC	9.439393s
winnee	Easy	Solved	[[(SudokuDigit {getDigit = 7},Question),(SudokuDigit {getDigit = 1},Question),(SudokuDigit {getDigit = 2},Question),(SudokuDigit {getDigit = 9},Question),(SudokuDigit {getDigit = 8},Question),(SudokuDigit {getDigit = 4},Question),(SudokuDigit {getDigit = 3},Answer),(SudokuDigit {getDigit = 5},Question),(SudokuDigit {getDigit = 6},Question)],[(SudokuDigit {getDigit = 3},Question),(SudokuDigit {getDigit = 5},Question),(SudokuDigit {getDigit = 6},Question),(SudokuDigit {getDigit = 1},Question),(SudokuDigit {getDigit = 2},Question),(SudokuDigit {getDigit = 7},Answer),(SudokuDigit {getDigit = 9},Question),(SudokuDigit {getDigit = 4},Question),(SudokuDigit {getDigit = 8},Question)],[(SudokuDigit {getDigit = 8},Answer),(SudokuDigit {getDigit = 4},Question),(SudokuDigit {getDigit = 9},Question),(SudokuDigit {getDigit = 5},Answer),(SudokuDigit {getDigit = 6},Question),(SudokuDigit {getDigit = 3},Answer),(SudokuDigit {getDigit = 1},Question),(SudokuDigit {getDigit = 7},Answer),(SudokuDigit {getDigit = 2},Answer)],[(SudokuDigit {getDigit = 5},Question),(SudokuDigit {getDigit = 8},Question),(SudokuDigit {getDigit = 1},Question),(SudokuDigit {getDigit = 7},Question),(SudokuDigit {getDigit = 3},Question),(SudokuDigit {getDigit = 6},Answer),(SudokuDigit {getDigit = 4},Question),(SudokuDigit {getDigit = 2},Question),(SudokuDigit {getDigit = 9},Answer)],[(SudokuDigit {getDigit = 2},Question),(SudokuDigit {getDigit = 6},Question),(SudokuDigit {getDigit = 7},Answer),(SudokuDigit {getDigit = 4},Question),(SudokuDigit {getDigit = 9},Question),(SudokuDigit {getDigit = 5},Question),(SudokuDigit {getDigit = 8},Answer),(SudokuDigit {getDigit = 3},Question),(SudokuDigit {getDigit = 1},Question)],[(SudokuDigit {getDigit = 9},Question),(SudokuDigit {getDigit = 3},Answer),(SudokuDigit {getDigit = 4},Question),(SudokuDigit {getDigit = 8},Question),(SudokuDigit {getDigit = 1},Question),(SudokuDigit {getDigit = 2},Question),(SudokuDigit {getDigit = 7},Question),(SudokuDigit {getDigit = 6},Question),(SudokuDigit {getDigit = 5},Question)],[(SudokuDigit {getDigit = 1},Question),(SudokuDigit {getDigit = 7},Question),(SudokuDigit {getDigit = 5},Question),(SudokuDigit {getDigit = 6},Question),(SudokuDigit {getDigit = 4},Answer),(SudokuDigit {getDigit = 9},Question),(SudokuDigit {getDigit = 2},Question),(SudokuDigit {getDigit = 8},Answer),(SudokuDigit {getDigit = 3},Question)],[(SudokuDigit {getDigit = 4},Question),(SudokuDigit {getDigit = 2},Question),(SudokuDigit {getDigit = 8},Question),(SudokuDigit {getDigit = 3},Answer),(SudokuDigit {getDigit = 5},Question),(SudokuDigit {getDigit = 1},Question),(SudokuDigit {getDigit = 6},Question),(SudokuDigit {getDigit = 9},Answer),(SudokuDigit {getDigit = 7},Question)],[(SudokuDigit {getDigit = 6},Question),(SudokuDigit {getDigit = 9},Answer),(SudokuDigit {getDigit = 3},Question),(SudokuDigit {getDigit = 2},CurrentAnswer),(SudokuDigit {getDigit = 7},Question),(SudokuDigit {getDigit = 8},Question),(SudokuDigit {getDigit = 5},Answer),(SudokuDigit {getDigit = 1},Question),(SudokuDigit {getDigit = 4},Question)]]	2025-01-09 18:25:46.408492 UTC	2025-01-10 06:11:49.485317 UTC	1230.09715s
winnee	SolverMode	Solved	[[(SudokuDigit {getDigit = 9},Answer),(SudokuDigit {getDigit = 8},Answer),(SudokuDigit {getDigit = 7},Answer),(SudokuDigit {getDigit = 4},Question),(SudokuDigit {getDigit = 1},Question),(SudokuDigit {getDigit = 5},Question),(SudokuDigit {getDigit = 3},Answer),(SudokuDigit {getDigit = 2},Answer),(SudokuDigit {getDigit = 6},Answer)],[(SudokuDigit {getDigit = 5},Question),(SudokuDigit {getDigit = 1},Question),(SudokuDigit {getDigit = 3},Question),(SudokuDigit {getDigit = 2},Question),(SudokuDigit {getDigit = 7},Question),(SudokuDigit {getDigit = 6},Question),(SudokuDigit {getDigit = 8},Question),(SudokuDigit {getDigit = 4},Question),(SudokuDigit {getDigit = 9},Answer)],[(SudokuDigit {getDigit = 2},Question),(SudokuDigit {getDigit = 6},Question),(SudokuDigit {getDigit = 4},Question),(SudokuDigit {getDigit = 3},Question),(SudokuDigit {getDigit = 8},Answer),(SudokuDigit {getDigit = 9},Answer),(SudokuDigit {getDigit = 5},Question),(SudokuDigit {getDigit = 1},Question),(SudokuDigit {getDigit = 7},Answer)],[(SudokuDigit {getDigit = 7},Question),(SudokuDigit {getDigit = 9},Answer),(SudokuDigit {getDigit = 5},Answer),(SudokuDigit {getDigit = 8},Answer),(SudokuDigit {getDigit = 2},Question),(SudokuDigit {getDigit = 4},Question),(SudokuDigit {getDigit = 6},Answer),(SudokuDigit {getDigit = 3},Question),(SudokuDigit {getDigit = 1},Answer)],[(SudokuDigit {getDigit = 6},Answer),(SudokuDigit {getDigit = 2},Answer),(SudokuDigit {getDigit = 1},Question),(SudokuDigit {getDigit = 5},Question),(SudokuDigit {getDigit = 3},Question),(SudokuDigit {getDigit = 7},Answer),(SudokuDigit {getDigit = 4},Question),(SudokuDigit {getDigit = 9},Answer),(SudokuDigit {getDigit = 8},Question)],[(SudokuDigit {getDigit = 4},Answer),(SudokuDigit {getDigit = 3},Question),(SudokuDigit {getDigit = 8},Question),(SudokuDigit {getDigit = 9},Answer),(SudokuDigit {getDigit = 6},Question),(SudokuDigit {getDigit = 1},Question),(SudokuDigit {getDigit = 7},Question),(SudokuDigit {getDigit = 5},Question),(SudokuDigit {getDigit = 2},Question)],[(SudokuDigit {getDigit = 3},Answer),(SudokuDigit {getDigit = 7},Question),(SudokuDigit {getDigit = 6},Answer),(SudokuDigit {getDigit = 1},Answer),(SudokuDigit {getDigit = 4},Question),(SudokuDigit {getDigit = 2},Answer),(SudokuDigit {getDigit = 9},Question),(SudokuDigit {getDigit = 8},Question),(SudokuDigit {getDigit = 5},Question)],[(SudokuDigit {getDigit = 1},Answer),(SudokuDigit {getDigit = 4},Answer),(SudokuDigit {getDigit = 9},Question),(SudokuDigit {getDigit = 7},Question),(SudokuDigit {getDigit = 5},Question),(SudokuDigit {getDigit = 8},Question),(SudokuDigit {getDigit = 2},Question),(SudokuDigit {getDigit = 6},Answer),(SudokuDigit {getDigit = 3},CurrentAnswer)],[(SudokuDigit {getDigit = 8},Question),(SudokuDigit {getDigit = 5},Question),(SudokuDigit {getDigit = 2},Question),(SudokuDigit {getDigit = 6},Answer),(SudokuDigit {getDigit = 9},Question),(SudokuDigit {getDigit = 3},Question),(SudokuDigit {getDigit = 1},Answer),(SudokuDigit {getDigit = 7},Answer),(SudokuDigit {getDigit = 4},Question)]]	2025-01-10 05:57:48.731208 UTC	2025-01-10 06:04:42.998238 UTC	542.469605s
winnee0305	Easy	Solved	[[(SudokuDigit {getDigit = 6},Question),(SudokuDigit {getDigit = 1},Answer),(SudokuDigit {getDigit = 3},Question),(SudokuDigit {getDigit = 7},Question),(SudokuDigit {getDigit = 8},Question),(SudokuDigit {getDigit = 9},Question),(SudokuDigit {getDigit = 2},Question),(SudokuDigit {getDigit = 4},Question),(SudokuDigit {getDigit = 5},Question)],[(SudokuDigit {getDigit = 5},Question),(SudokuDigit {getDigit = 2},Question),(SudokuDigit {getDigit = 4},Answer),(SudokuDigit {getDigit = 6},Question),(SudokuDigit {getDigit = 1},Question),(SudokuDigit {getDigit = 3},Question),(SudokuDigit {getDigit = 7},Question),(SudokuDigit {getDigit = 8},Question),(SudokuDigit {getDigit = 9},Question)],[(SudokuDigit {getDigit = 7},Question),(SudokuDigit {getDigit = 8},Question),(SudokuDigit {getDigit = 9},Question),(SudokuDigit {getDigit = 2},Question),(SudokuDigit {getDigit = 5},Question),(SudokuDigit {getDigit = 4},Answer),(SudokuDigit {getDigit = 3},Question),(SudokuDigit {getDigit = 6},Question),(SudokuDigit {getDigit = 1},Answer)],[(SudokuDigit {getDigit = 2},Question),(SudokuDigit {getDigit = 4},Question),(SudokuDigit {getDigit = 6},Answer),(SudokuDigit {getDigit = 9},Question),(SudokuDigit {getDigit = 3},Question),(SudokuDigit {getDigit = 8},Question),(SudokuDigit {getDigit = 5},Question),(SudokuDigit {getDigit = 1},Question),(SudokuDigit {getDigit = 7},Answer)],[(SudokuDigit {getDigit = 8},Question),(SudokuDigit {getDigit = 7},Answer),(SudokuDigit {getDigit = 1},Question),(SudokuDigit {getDigit = 5},Question),(SudokuDigit {getDigit = 6},Question),(SudokuDigit {getDigit = 2},Answer),(SudokuDigit {getDigit = 4},Question),(SudokuDigit {getDigit = 9},Question),(SudokuDigit {getDigit = 3},Question)],[(SudokuDigit {getDigit = 9},Question),(SudokuDigit {getDigit = 3},Question),(SudokuDigit {getDigit = 5},Question),(SudokuDigit {getDigit = 4},Question),(SudokuDigit {getDigit = 7},Question),(SudokuDigit {getDigit = 1},Question),(SudokuDigit {getDigit = 8},Question),(SudokuDigit {getDigit = 2},Question),(SudokuDigit {getDigit = 6},Question)],[(SudokuDigit {getDigit = 4},Question),(SudokuDigit {getDigit = 6},Question),(SudokuDigit {getDigit = 2},Question),(SudokuDigit {getDigit = 3},Answer),(SudokuDigit {getDigit = 9},Question),(SudokuDigit {getDigit = 5},Question),(SudokuDigit {getDigit = 1},Question),(SudokuDigit {getDigit = 7},Question),(SudokuDigit {getDigit = 8},CurrentAnswer)],[(SudokuDigit {getDigit = 3},Question),(SudokuDigit {getDigit = 9},Question),(SudokuDigit {getDigit = 8},Question),(SudokuDigit {getDigit = 1},Question),(SudokuDigit {getDigit = 4},Answer),(SudokuDigit {getDigit = 7},Question),(SudokuDigit {getDigit = 6},Question),(SudokuDigit {getDigit = 5},Question),(SudokuDigit {getDigit = 2},Question)],[(SudokuDigit {getDigit = 1},Question),(SudokuDigit {getDigit = 5},Question),(SudokuDigit {getDigit = 7},Answer),(SudokuDigit {getDigit = 8},Question),(SudokuDigit {getDigit = 2},Question),(SudokuDigit {getDigit = 6},Answer),(SudokuDigit {getDigit = 9},Answer),(SudokuDigit {getDigit = 3},Question),(SudokuDigit {getDigit = 4},Question)]]	2025-01-10 14:36:05.716624 UTC	2025-01-10 14:38:35.103174 UTC	298.773093s
winnee0305	SolverMode	Solved	[[(SudokuDigit {getDigit = 8},Question),(SudokuDigit {getDigit = 2},Question),(SudokuDigit {getDigit = 4},Question),(SudokuDigit {getDigit = 5},Question),(SudokuDigit {getDigit = 3},Answer),(SudokuDigit {getDigit = 1},Answer),(SudokuDigit {getDigit = 7},Question),(SudokuDigit {getDigit = 9},Answer),(SudokuDigit {getDigit = 6},Answer)],[(SudokuDigit {getDigit = 1},Answer),(SudokuDigit {getDigit = 3},Answer),(SudokuDigit {getDigit = 9},Question),(SudokuDigit {getDigit = 7},Answer),(SudokuDigit {getDigit = 6},Answer),(SudokuDigit {getDigit = 4},Question),(SudokuDigit {getDigit = 2},Question),(SudokuDigit {getDigit = 8},Question),(SudokuDigit {getDigit = 5},Question)],[(SudokuDigit {getDigit = 5},Answer),(SudokuDigit {getDigit = 7},Question),(SudokuDigit {getDigit = 6},Answer),(SudokuDigit {getDigit = 2},Question),(SudokuDigit {getDigit = 8},Question),(SudokuDigit {getDigit = 9},Question),(SudokuDigit {getDigit = 4},Question),(SudokuDigit {getDigit = 3},Question),(SudokuDigit {getDigit = 1},Answer)],[(SudokuDigit {getDigit = 4},Answer),(SudokuDigit {getDigit = 8},Question),(SudokuDigit {getDigit = 7},Question),(SudokuDigit {getDigit = 9},Answer),(SudokuDigit {getDigit = 1},Answer),(SudokuDigit {getDigit = 6},Question),(SudokuDigit {getDigit = 3},Question),(SudokuDigit {getDigit = 5},Answer),(SudokuDigit {getDigit = 2},Question)],[(SudokuDigit {getDigit = 3},Question),(SudokuDigit {getDigit = 6},Answer),(SudokuDigit {getDigit = 1},Answer),(SudokuDigit {getDigit = 4},CurrentAnswer),(SudokuDigit {getDigit = 5},Question),(SudokuDigit {getDigit = 2},Answer),(SudokuDigit {getDigit = 9},Question),(SudokuDigit {getDigit = 7},Question),(SudokuDigit {getDigit = 8},Answer)],[(SudokuDigit {getDigit = 2},Question),(SudokuDigit {getDigit = 9},Question),(SudokuDigit {getDigit = 5},Question),(SudokuDigit {getDigit = 3},Question),(SudokuDigit {getDigit = 7},Answer),(SudokuDigit {getDigit = 8},Question),(SudokuDigit {getDigit = 1},Question),(SudokuDigit {getDigit = 6},Question),(SudokuDigit {getDigit = 4},Answer)],[(SudokuDigit {getDigit = 9},Answer),(SudokuDigit {getDigit = 1},Answer),(SudokuDigit {getDigit = 3},Answer),(SudokuDigit {getDigit = 8},Answer),(SudokuDigit {getDigit = 4},Answer),(SudokuDigit {getDigit = 5},Answer),(SudokuDigit {getDigit = 6},Question),(SudokuDigit {getDigit = 2},Question),(SudokuDigit {getDigit = 7},Question)],[(SudokuDigit {getDigit = 6},Question),(SudokuDigit {getDigit = 5},Answer),(SudokuDigit {getDigit = 2},Question),(SudokuDigit {getDigit = 1},Question),(SudokuDigit {getDigit = 9},Question),(SudokuDigit {getDigit = 7},Question),(SudokuDigit {getDigit = 8},Answer),(SudokuDigit {getDigit = 4},Answer),(SudokuDigit {getDigit = 3},Question)],[(SudokuDigit {getDigit = 7},Question),(SudokuDigit {getDigit = 4},Answer),(SudokuDigit {getDigit = 8},Question),(SudokuDigit {getDigit = 6},Question),(SudokuDigit {getDigit = 2},Question),(SudokuDigit {getDigit = 3},Question),(SudokuDigit {getDigit = 5},Question),(SudokuDigit {getDigit = 1},Question),(SudokuDigit {getDigit = 9},Question)]]	2025-01-10 14:38:42.697888 UTC	2025-01-10 14:40:11.164209 UTC	164.853139s
